"Time","N_Lat","N_Lon","S_Lat","S_Lon","C_Lat","C_Lon","Ratio","Sun_Alt","Sun_Azm","Path_Width","Duration"
" 16:40   ",NA,NA,-7.60333333333333,-152.908333333333,-7.635,-157.186666666667,1.04,1,"  82",146,"  02m08.8s"
" 16:42   ",-5.51,-149.793333333333,-6.195,-146.633333333333,-5.83666666666667,-148.13,1.043,11,"  81",159,"  02m27.5s"
" 16:44   ",-4.34166666666667,-145.493333333333,-5.14,-143.01,-4.73333333333333,-144.216666666667,1.044,16,"  81",166,"  02m36.8s"
" 16:46   ",-3.35333333333333,-142.46,-4.205,-140.26,-3.77333333333333,-141.338333333333,1.045,19,"  81",171,"  02m44.2s"
" 16:48   ",-2.45166666666667,-140.03,-3.33666666666667,-137.991666666667,-2.88833333333333,-138.995,1.046,22,"  81",174,"  02m50.6s"
" 16:50   ",-1.60333333333333,-137.975,-2.51333333333333,-136.041666666667,-2.055,-136.995,1.047,25,"  81",178,"  02m56.3s"
" 16:52   ",-0.795,-136.176666666667,-1.72333333333333,-134.316666666667,-1.25666666666667,-135.235,1.048,27,"  81",181,"  03m01.6s"
" 16:54   ",-0.0166666666666667,-134.57,-0.96,-132.765,-0.485,-133.658333333333,1.048,29,"  81",183,"  03m06.4s"
" 16:56   ",0.74,-133.115,-0.216666666666667,-131.351666666667,0.265,-132.225,1.049,31,"  81",186,"  03m10.9s"
" 16:58   ",1.47666666666667,-131.78,0.51,-130.05,0.995,-130.908333333333,1.05,33,"  82",188,"  03m15.2s"
" 17:00   ",2.19666666666667,-130.545,1.22,-128.841666666667,1.71166666666667,-129.686666666667,1.05,35,"  82",190,"  03m19.3s"
" 17:02   ",2.90333333333333,-129.393333333333,1.91833333333333,-127.713333333333,2.41333333333333,-128.546666666667,1.05,37,"  82",192,"  03m23.1s"
" 17:04   ",3.59833333333333,-128.313333333333,2.60666666666667,-126.651666666667,3.105,-127.476666666667,1.051,38,"  83",193,"  03m26.8s"
" 17:06   ",4.28333333333333,-127.295,3.28333333333333,-125.65,3.78666666666667,-126.466666666667,1.051,40,"  83",194,"  03m30.3s"
" 17:08   ",4.95833333333333,-126.331666666667,3.95333333333333,-124.7,4.45833333333333,-125.51,1.052,41,"  84",196,"  03m33.7s"
" 17:10   ",5.625,-125.415,4.61333333333333,-123.796666666667,5.12166666666667,-124.601666666667,1.052,43,"  84",197,"  03m36.9s"
" 17:12   ",6.285,-124.541666666667,5.26666666666667,-122.933333333333,5.77833333333333,-123.733333333333,1.052,44,"  85",198,"  03m40.0s"
" 17:14   ",6.93833333333333,-123.706666666667,5.91333333333333,-122.106666666667,6.42666666666667,-122.901666666667,1.053,46,"  86",199,"  03m42.9s"
" 17:16   ",7.58333333333333,-122.903333333333,6.555,-121.311666666667,7.07166666666667,-122.103333333333,1.053,47,"  86",199,"  03m45.8s"
" 17:18   ",8.225,-122.131666666667,7.19,-120.546666666667,7.70833333333333,-121.335,1.053,48,"  87",200,"  03m48.5s"
" 17:20   ",8.86,-121.386666666667,7.82,-119.808333333333,8.34166666666667,-120.593333333333,1.053,49,"  88",201,"  03m51.1s"
" 17:22   ",9.49,-120.666666666667,8.44666666666667,-119.095,8.97,-119.876666666667,1.054,51,"  89",201,"  03m53.6s"
" 17:24   ",10.1166666666667,-119.968333333333,9.06666666666667,-118.403333333333,9.59333333333333,-119.181666666667,1.054,52,"  90",202,"  03m56.0s"
" 17:26   ",10.7383333333333,-119.291666666667,9.685,-117.73,10.2116666666667,-118.506666666667,1.054,53,"  91",202,"  03m58.4s"
" 17:28   ",11.3566666666667,-118.631666666667,10.2983333333333,-117.076666666667,10.8283333333333,-117.85,1.054,54,"  92",202,"  04m00.6s"
" 17:30   ",11.9716666666667,-117.99,10.9066666666667,-116.438333333333,11.44,-117.21,1.055,55,"  93",202,"  04m02.7s"
" 17:32   ",12.5816666666667,-117.361666666667,11.5133333333333,-115.816666666667,12.0483333333333,-116.585,1.055,56,"  94",203,"  04m04.8s"
" 17:34   ",13.19,-116.748333333333,12.1166666666667,-115.206666666667,12.655,-115.973333333333,1.055,57,"  96",203,"  04m06.7s"
" 17:36   ",13.7966666666667,-116.146666666667,12.7166666666667,-114.61,13.2566666666667,-115.375,1.055,58,"  97",203,"  04m08.6s"
" 17:38   ",14.3983333333333,-115.556666666667,13.315,-114.023333333333,13.8566666666667,-114.786666666667,1.055,59,"  99",203,"  04m10.3s"
" 17:40   ",14.9983333333333,-114.975,13.91,-113.446666666667,14.455,-114.208333333333,1.055,60," 100",203,"  04m12.0s"
" 17:42   ",15.5966666666667,-114.405,14.5016666666667,-112.88,15.05,-113.638333333333,1.056,61," 102",203,"  04m13.6s"
" 17:44   ",16.1933333333333,-113.84,15.0916666666667,-112.32,15.6433333333333,-113.076666666667,1.056,62," 104",202,"  04m15.1s"
" 17:46   ",16.7866666666667,-113.283333333333,15.68,-111.766666666667,16.2333333333333,-112.523333333333,1.056,63," 105",202,"  04m16.5s"
" 17:48   ",17.3783333333333,-112.733333333333,16.265,-111.221666666667,16.8216666666667,-111.973333333333,1.056,64," 107",202,"  04m17.9s"
" 17:50   ",17.9683333333333,-112.188333333333,16.85,-110.68,17.4083333333333,-111.43,1.056,64," 109",202,"  04m19.1s"
" 17:52   ",18.5566666666667,-111.646666666667,17.4316666666667,-110.143333333333,17.9933333333333,-110.891666666667,1.056,65," 112",202,"  04m20.3s"
" 17:54   ",19.1433333333333,-111.108333333333,18.0116666666667,-109.61,18.5783333333333,-110.356666666667,1.056,66," 114",202,"  04m21.4s"
" 17:56   ",19.7283333333333,-110.573333333333,18.59,-109.08,19.16,-109.823333333333,1.056,66," 116",201,"  04m22.4s"
" 17:58   ",20.3133333333333,-110.041666666667,19.1683333333333,-108.551666666667,19.74,-109.293333333333,1.056,67," 119",201,"  04m23.4s"
" 18:00   ",20.8966666666667,-109.51,19.7433333333333,-108.025,20.32,-108.763333333333,1.056,67," 122",201,"  04m24.2s"
" 18:02   ",21.4783333333333,-108.978333333333,20.3183333333333,-107.498333333333,20.8966666666667,-108.235,1.056,68," 125",200,"  04m25.0s"
" 18:04   ",22.0583333333333,-108.446666666667,20.8916666666667,-106.973333333333,21.475,-107.706666666667,1.056,68," 128",200,"  04m25.7s"
" 18:06   ",22.6383333333333,-107.915,21.4633333333333,-106.446666666667,22.05,-107.178333333333,1.056,69," 131",200,"  04m26.3s"
" 18:08   ",23.2166666666667,-107.38,22.0333333333333,-105.918333333333,22.625,-106.646666666667,1.057,69," 134",199,"  04m26.8s"
" 18:10   ",23.795,-106.845,22.6033333333333,-105.388333333333,23.1983333333333,-106.113333333333,1.057,69," 137",199,"  04m27.2s"
" 18:12   ",24.3716666666667,-106.305,23.1716666666667,-104.856666666667,23.7716666666667,-105.578333333333,1.057,70," 140",199,"  04m27.6s"
" 18:14   ",24.9483333333333,-105.761666666667,23.74,-104.32,24.3433333333333,-105.038333333333,1.057,70," 144",198,"  04m27.9s"
" 18:16   ",25.5233333333333,-105.215,24.3066666666667,-103.78,24.9133333333333,-104.495,1.057,70," 147",198,"  04m28.1s"
" 18:18   ",26.0983333333333,-104.663333333333,24.8716666666667,-103.236666666667,25.485,-103.946666666667,1.057,70," 151",197,"  04m28.2s"
" 18:20   ",26.6733333333333,-104.105,25.4383333333333,-102.686666666667,26.055,-103.393333333333,1.057,70," 154",197,"  04m28.2s"
" 18:22   ",27.2466666666667,-103.54,26.0016666666667,-102.13,26.6233333333333,-102.831666666667,1.057,70," 157",197,"  04m28.1s"
" 18:24   ",27.82,-102.966666666667,26.565,-101.566666666667,27.1916666666667,-102.265,1.056,69," 161",196,"  04m28.0s"
" 18:26   ",28.3933333333333,-102.386666666667,27.1283333333333,-100.996666666667,27.76,-101.69,1.056,69," 164",196,"  04m27.7s"
" 18:28   ",28.965,-101.796666666667,27.69,-100.418333333333,28.3266666666667,-101.105,1.056,69," 168",195,"  04m27.4s"
" 18:30   ",29.5366666666667,-101.198333333333,28.2516666666667,-99.83,28.8933333333333,-100.511666666667,1.056,68," 171",195,"  04m27.0s"
" 18:32   ",30.1083333333333,-100.588333333333,28.8133333333333,-99.2316666666667,29.46,-99.9083333333333,1.056,68," 174",194,"  04m26.5s"
" 18:34   ",30.68,-99.965,29.3733333333333,-98.6233333333333,30.025,-99.2916666666667,1.056,68," 177",194,"  04m26.0s"
" 18:36   ",31.25,-99.3316666666667,29.9333333333333,-98.0016666666667,30.59,-98.665,1.056,67," 180",193,"  04m25.3s"
" 18:38   ",31.8216666666667,-98.6833333333333,30.4933333333333,-97.3683333333333,31.155,-98.025,1.056,66," 183",193,"  04m24.5s"
" 18:40   ",32.3916666666667,-98.0216666666667,31.0516666666667,-96.7216666666667,31.72,-97.37,1.056,66," 185",192,"  04m23.7s"
" 18:42   ",32.96,-97.3433333333333,31.61,-96.06,32.2833333333333,-96.7,1.056,65," 188",192,"  04m22.7s"
" 18:44   ",33.53,-96.6466666666667,32.1666666666667,-95.3833333333333,32.8466666666667,-96.0133333333333,1.056,64," 191",191,"  04m21.7s"
" 18:46   ",34.0983333333333,-95.9333333333333,32.7233333333333,-94.6883333333333,33.41,-95.31,1.056,64," 193",191,"  04m20.6s"
" 18:48   ",34.6666666666667,-95.2016666666667,33.28,-93.975,33.9716666666667,-94.5866666666667,1.056,63," 195",190,"  04m19.4s"
" 18:50   ",35.235,-94.4483333333333,33.835,-93.2433333333333,34.5333333333333,-93.845,1.055,62," 198",189,"  04m18.0s"
" 18:52   ",35.8016666666667,-93.6716666666667,34.39,-92.4916666666667,35.0933333333333,-93.08,1.055,61," 200",189,"  04m16.6s"
" 18:54   ",36.3683333333333,-92.8716666666667,34.9433333333333,-91.7166666666667,35.6533333333333,-92.2933333333333,1.055,60," 202",188,"  04m15.1s"
" 18:56   ",36.9333333333333,-92.0466666666667,35.4966666666667,-90.9166666666667,36.2133333333333,-91.4816666666667,1.055,59," 204",188,"  04m13.5s"
" 18:58   ",37.4983333333333,-91.1933333333333,36.0483333333333,-90.0933333333333,36.7716666666667,-90.6433333333333,1.055,58," 206",187,"  04m11.8s"
" 19:00   ",38.0633333333333,-90.3116666666667,36.6,-89.2416666666667,37.3283333333333,-89.7766666666667,1.055,57," 208",186,"  04m10.0s"
" 19:02   ",38.625,-89.3983333333333,37.15,-88.36,37.885,-88.88,1.054,56," 210",186,"  04m08.1s"
" 19:04   ",39.1866666666667,-88.45,37.6983333333333,-87.4483333333333,38.4383333333333,-87.95,1.054,55," 212",185,"  04m06.1s"
" 19:06   ",39.7466666666667,-87.465,38.245,-86.5016666666667,38.9916666666667,-86.985,1.054,54," 214",184,"  04m04.0s"
" 19:08   ",40.3033333333333,-86.4416666666667,38.79,-85.5183333333333,39.5433333333333,-85.9816666666667,1.054,53," 216",183,"  04m01.7s"
" 19:10   ",40.86,-85.3766666666667,39.3316666666667,-84.4966666666667,40.0933333333333,-84.9383333333333,1.054,52," 217",183,"  03m59.4s"
" 19:12   ",41.4133333333333,-84.265,39.8733333333333,-83.4333333333333,40.64,-83.8516666666667,1.053,51," 219",182,"  03m56.9s"
" 19:14   ",41.9633333333333,-83.105,40.4116666666667,-82.3233333333333,41.1833333333333,-82.7166666666667,1.053,50," 221",181,"  03m54.4s"
" 19:16   ",42.51,-81.89,40.9466666666667,-81.165,41.725,-81.5316666666667,1.053,48," 223",180,"  03m51.7s"
" 19:18   ",43.0533333333333,-80.6166666666667,41.4783333333333,-79.9516666666667,42.2633333333333,-80.29,1.052,47," 224",179,"  03m48.9s"
" 19:20   ",43.5933333333333,-79.2816666666667,42.0066666666667,-78.6816666666667,42.7966666666667,-78.9866666666667,1.052,46," 226",179,"  03m45.9s"
" 19:22   ",44.1266666666667,-77.875,42.53,-77.3466666666667,43.325,-77.6166666666667,1.052,44," 228",178,"  03m42.8s"
" 19:24   ",44.655,-76.3933333333333,43.0483333333333,-75.9416666666667,43.8483333333333,-76.175,1.052,43," 230",177,"  03m39.6s"
" 19:26   ",45.1766666666667,-74.8266666666667,43.5616666666667,-74.46,44.365,-74.6516666666667,1.051,41," 232",176,"  03m36.3s"
" 19:28   ",45.69,-73.1666666666667,44.0666666666667,-72.8916666666667,44.8733333333333,-73.04,1.051,40," 234",175,"  03m32.8s"
" 19:30   ",46.1933333333333,-71.4033333333333,44.5633333333333,-71.23,45.3733333333333,-71.3283333333333,1.05,38," 236",173,"  03m29.1s"
" 19:32   ",46.685,-69.5216666666667,45.05,-69.4616666666667,45.8633333333333,-69.505,1.05,37," 238",172,"  03m25.2s"
" 19:34   ",47.1633333333333,-67.5066666666667,45.5266666666667,-67.5733333333333,46.3416666666667,-67.5566666666667,1.05,35," 240",171,"  03m21.2s"
" 19:36   ",47.625,-65.34,45.9883333333333,-65.5466666666667,46.8033333333333,-65.4633333333333,1.049,33," 242",170,"  03m17.0s"
" 19:38   ",48.0666666666667,-62.9983333333333,46.4333333333333,-63.3633333333333,47.2466666666667,-63.2016666666667,1.049,31," 244",168,"  03m12.5s"
" 19:40   ",48.485,-60.4466666666667,46.8583333333333,-60.9933333333333,47.6683333333333,-60.745,1.048,29," 247",167,"  03m07.7s"
" 19:42   ",48.87,-57.6416666666667,47.2566666666667,-58.4,48.0616666666667,-58.0516666666667,1.047,27," 249",165,"  03m02.7s"
" 19:44   ",49.2166666666667,-54.5266666666667,47.6233333333333,-55.535,48.4183333333333,-55.065,1.047,25," 252",163,"  02m57.2s"
" 19:46   ",49.51,-51.005,47.9483333333333,-52.3233333333333,48.7283333333333,-51.7066666666667,1.046,22," 255",161,"  02m51.3s"
" 19:48   ",49.725,-46.925,48.2116666666667,-48.6466666666667,48.97,-47.84,1.045,20," 259",159,"  02m44.8s"
" 19:50   ",49.8216666666667,-41.9916666666667,48.3883333333333,-44.295,49.11,-43.2183333333333,1.044,16," 263",156,"  02m37.3s"
" 19:52   ",49.6883333333333,-35.45,48.4116666666667,-38.8083333333333,49.065,-37.2616666666667,1.043,12," 268",153,"  02m28.2s"
" 19:54   ",NA,NA,48.0616666666667,-30.54,48.47,-27.3166666666667,1.04,5," 276",147,"  02m14.0s"
" Limits  ",48.2283333333333,-19.49,47.0066666666667,-20.0766666666667,47.6166666666667,-19.7866666666667,1.039,0,"   -",142,"  02m04.2s"
